{"cameraMode":{"drawMode":0,"name":"Shaded","section":"Shading Mode"},"sceneLighting":false,"audioPlay":false,"sceneViewState":{"m_AlwaysRefresh":false,"showFog":true,"showSkybox":false,"showFlares":true,"showImageEffects":true,"showParticleSystems":true,"showVisualEffectGraphs":true,"m_FxEnabled":true},"in2DMode":false,"pivot":{"x":-0.15135732293128968,"y":0.11084926128387451,"z":-0.007503151893615723},"rotation":{"x":-0.1719205528497696,"y":0.018318286165595056,"z":-0.0031981198117136957,"w":-0.984932005405426},"size":0.886383056640625,"orthographic":false}